,# sent,# sent successif,% sent,% sent successif
all,5889.0,5889.0,1.0,1.0
no_obj,673.0,673.0,0.11428086262523349,0.11428086262523349
in_both,2741.0,430.0,0.46544404822550517,0.07301749023603328
ten_or_more,577.0,134.0,0.09797928340974699,0.02275428765494991
no_pass,4394.0,83.0,0.7461368653421634,0.014094073696722704
no_pron,5620.0,83.0,0.9543216165732722,0.014094073696722704
