,# sent,# sent successif,% sent,% sent successif
all,4417.0,4417.0,1.0,1.0
no_obj,938.0,938.0,0.21236133122028525,0.21236133122028525
in_both,3384.0,694.0,0.7661308580484492,0.1571202173420874
ten_or_more,2456.0,502.0,0.5560335069051392,0.1136517998641612
no_pass,4417.0,502.0,1.0,0.1136517998641612
no_pron,4269.0,475.0,0.9664930948607652,0.10753905365632782
