,# sent,# sent successif,% sent,% sent successif
all,31769.0,31769.0,1.0,1.0
no_direct,18820.0,18820.0,0.5924013975888445,0.5924013975888445
in_both,27287.0,15287.0,0.8589190720513709,0.48119235732947213
ten_or_more,24048.0,13069.0,0.756964336302685,0.4113758695583745
no_pass,24071.0,7677.0,0.757688312505902,0.24165066574333469
no_pron,29672.0,6782.0,0.9339922566023482,0.21347854827032642
