,# sent,# sent successif,% sent,% sent successif
all,31769.0,31769.0,1.0,1.0
in_both,27297.0,27297.0,0.859233844313639,0.859233844313639
ten_or_more,27520.0,25129.0,0.8662532657622211,0.7909912178538827
no_pass,24071.0,18916.0,0.757688312505902,0.5954232113066197
no_pron,29672.0,17462.0,0.9339922566023482,0.5496553243728163
