,# sent,# sent successif,% sent,% sent successif
all,1890.0,1890.0,1.0,1.0
no_direct,1020.0,1020.0,0.5396825396825397,0.5396825396825397
in_both,991.0,410.0,0.5243386243386243,0.21693121693121692
ten_or_more,699.0,232.0,0.36984126984126986,0.12275132275132275
no_pass,1643.0,170.0,0.8693121693121693,0.08994708994708994
no_pron,1755.0,84.0,0.9285714285714286,0.044444444444444446
