,# sent,# sent successif,% sent,% sent successif
all,4417.0,4417.0,1.0,1.0
no_direct,2441.0,2441.0,0.5526375367896762,0.5526375367896762
in_both,3510.0,1919.0,0.7946570070183382,0.4344577767715644
ten_or_more,2994.0,1698.0,0.6778356350464116,0.3844238170704098
no_pass,4417.0,1698.0,1.0,0.3844238170704098
no_pron,4269.0,1658.0,0.9664930948607652,0.3753678967625085
