,# sent,# sent successif,% sent,% sent successif
all,1890.0,1890.0,1.0,1.0
in_both,994.0,994.0,0.5259259259259259,0.5259259259259259
ten_or_more,1107.0,708.0,0.5857142857142857,0.3746031746031746
no_pass,1643.0,615.0,0.8693121693121693,0.3253968253968254
no_pron,1755.0,519.0,0.9285714285714286,0.2746031746031746
