,# sent,# sent successif,% sent,% sent successif
all,1890.0,1890.0,1.0,1.0
no_obj,208.0,208.0,0.11005291005291006,0.11005291005291006
in_both,464.0,74.0,0.2455026455026455,0.039153439153439155
ten_or_more,69.0,0.0,0.03650793650793651,0.0
no_pass,1643.0,0.0,0.8693121693121693,0.0
no_pron,1755.0,0.0,0.9285714285714286,0.0
