,# sent,# sent successif,% sent,% sent successif
all,31769.0,31769.0,1.0,1.0
no_obj,3276.0,3276.0,0.10311939311907835,0.10311939311907835
in_both,23958.0,2577.0,0.7541313859422708,0.08111681198652775
ten_or_more,7487.0,991.0,0.23566999276023798,0.031193931190783467
no_pass,24071.0,692.0,0.757688312505902,0.021782240548962824
no_pron,29672.0,658.0,0.9339922566023482,0.020712014857250778
