,# sent,# sent successif,% sent,% sent successif
all,5889.0,5889.0,1.0,1.0
in_both,4087.0,4087.0,0.6940057734759721,0.6940057734759721
ten_or_more,3767.0,3157.0,0.6396671760910172,0.5360842248259466
no_pass,4394.0,2345.0,0.7461368653421634,0.39820003396162335
no_pron,5620.0,2239.0,0.9543216165732722,0.380200373577857
