,# sent,# sent successif,% sent,% sent successif
all,2255.0,2255.0,1.0,1.0
no_obj,197.0,197.0,0.08736141906873614,0.08736141906873614
in_both,620.0,105.0,0.2749445676274945,0.04656319290465632
ten_or_more,0.0,0.0,0.0,0.0
no_pass,2255.0,0.0,1.0,0.0
no_pron,2155.0,0.0,0.9556541019955654,0.0
