,# sent,# sent successif,% sent,% sent successif
all,5889.0,5889.0,1.0,1.0
no_direct,3593.0,3593.0,0.6101205637629479,0.6101205637629479
in_both,4081.0,2231.0,0.6929869247750042,0.37884190864323314
ten_or_more,2745.0,1365.0,0.4661232806928171,0.23178807947019867
no_pass,4394.0,800.0,0.7461368653421634,0.1358464934623875
no_pron,5620.0,740.0,0.9543216165732722,0.12565800645270844
