,# sent,# sent successif,% sent,% sent successif
all,2255.0,2255.0,1.0,1.0
no_direct,537.0,537.0,0.23813747228381374,0.23813747228381374
in_both,926.0,318.0,0.4106430155210643,0.141019955654102
ten_or_more,321.0,144.0,0.14235033259423505,0.06385809312638581
no_pass,2255.0,144.0,1.0,0.06385809312638581
no_pron,2155.0,143.0,0.9556541019955654,0.06341463414634146
