,# sent,# sent successif,% sent,% sent successif
all,2739.0,2739.0,1.0,1.0
no_obj,352.0,352.0,0.1285140562248996,0.1285140562248996
in_both,1207.0,208.0,0.44067177802117563,0.07594012413289522
ten_or_more,133.0,39.0,0.048557867834976266,0.014238773274917854
no_pass,2739.0,39.0,1.0,0.014238773274917854
no_pron,2645.0,24.0,0.9656809054399416,0.008762322015334063
