,# sent,# sent successif,% sent,% sent successif
all,4215.0,4215.0,1.0,1.0
no_obj,873.0,873.0,0.20711743772241992,0.20711743772241992
in_both,2936.0,690.0,0.6965599051008303,0.16370106761565836
ten_or_more,1740.0,415.0,0.4128113879003559,0.09845788849347568
no_pass,4215.0,415.0,1.0,0.09845788849347568
no_pron,4065.0,408.0,0.9644128113879004,0.09679715302491103
