,# sent,# sent successif,% sent,% sent successif
all,4215.0,4215.0,1.0,1.0
no_direct,2471.0,2471.0,0.5862396204033214,0.5862396204033214
in_both,3449.0,2019.0,0.8182680901542112,0.4790035587188612
ten_or_more,2600.0,1635.0,0.6168446026097272,0.3879003558718861
no_pass,4215.0,1635.0,1.0,0.3879003558718861
no_pron,4065.0,1619.0,0.9644128113879004,0.3841043890865955
