,# sent,# sent successif,% sent,% sent successif
all,2739.0,2739.0,1.0,1.0
in_both,1784.0,1784.0,0.6513326031398321,0.6513326031398321
ten_or_more,1365.0,1086.0,0.49835706462212487,0.3964950711938664
no_pass,2739.0,1086.0,1.0,0.3964950711938664
no_pron,2645.0,1052.0,0.9656809054399416,0.38408178167214313
