,# sent,# sent successif,% sent,% sent successif
all,2255.0,2255.0,1.0,1.0
in_both,1317.0,1317.0,0.5840354767184035,0.5840354767184035
ten_or_more,804.0,693.0,0.3565410199556541,0.3073170731707317
no_pass,2255.0,693.0,1.0,0.3073170731707317
no_pron,2155.0,670.0,0.9556541019955654,0.29711751662971175
