,# sent,# sent successif,% sent,% sent successif
all,2739.0,2739.0,1.0,1.0
no_direct,901.0,901.0,0.3289521723256663,0.3289521723256663
in_both,1472.0,542.0,0.5374224169404892,0.19788243884629428
ten_or_more,605.0,264.0,0.22088353413654618,0.0963855421686747
no_pass,2739.0,264.0,1.0,0.0963855421686747
no_pron,2645.0,249.0,0.9656809054399416,0.09090909090909091
