,# sent,# sent successif,% sent,% sent successif
all,4417.0,4417.0,1.0,1.0
in_both,3594.0,3594.0,0.8136744396649309,0.8136744396649309
ten_or_more,3421.0,3264.0,0.7745075843332578,0.7389630971247453
no_pass,4417.0,3264.0,1.0,0.7389630971247453
no_pron,4269.0,3180.0,0.9664930948607652,0.7199456644781526
