,# sent,# sent successif,% sent,% sent successif
all,4215.0,4215.0,1.0,1.0
in_both,3457.0,3457.0,0.8201660735468564,0.8201660735468564
ten_or_more,3007.0,2901.0,0.7134045077105575,0.6882562277580071
no_pass,4215.0,2901.0,1.0,0.6882562277580071
no_pron,4065.0,2846.0,0.9644128113879004,0.6752075919335706
