,# sent,# sent successif,% sent,% sent successif
all,30052.0,30052.0,1.0,1.0
in_both,28418.0,28418.0,0.9456275788633036,0.9456275788633036
ten_or_more,28273.0,27497.0,0.9408026088113935,0.9149807001197924
no_pass,30052.0,27497.0,1.0,0.9149807001197924
no_pron,29012.0,26657.0,0.9653933182483695,0.8870291494742446
