,# sent,# sent successif,% sent,% sent successif
all,30052.0,30052.0,1.0,1.0
no_obj,6217.0,6217.0,0.20687475043258352,0.20687475043258352
in_both,27991.0,5688.0,0.9314188739518169,0.18927192865699455
ten_or_more,25621.0,5166.0,0.8525555703447358,0.17190203647011845
no_pass,30052.0,5166.0,1.0,0.17190203647011845
no_pron,29012.0,5073.0,0.9653933182483695,0.16880740050578996
