,# sent,# sent successif,% sent,% sent successif
all,30052.0,30052.0,1.0,1.0
no_direct,8134.0,8134.0,0.2706641820843871,0.2706641820843871
in_both,28125.0,7507.0,0.9358778117928923,0.24980034606681753
ten_or_more,25920.0,6937.0,0.8625049913483296,0.23083322241448156
no_pass,30052.0,6937.0,1.0,0.23083322241448156
no_pron,29012.0,6797.0,0.9653933182483695,0.2261746306402236
