,# sent,# sent successif,% sent,% sent successif
all,119117.0,119117.0,1.0,1.0
no_obj,21246.0,21246.0,0.1783624503639279,0.1783624503639279
in_both,108935.0,17239.0,0.9145210171512043,0.14472325528681884
ten_or_more,83035.0,12829.0,0.6970877372667209,0.10770083195513655
no_pass,108208.0,11437.0,0.9084177741212421,0.096014842549762
no_pron,112255.0,10878.0,0.9423927734916091,0.091321977551483
